id;concert_id;concert_artist_id;support;setlistfm_url;image_url;order
1;1;1;0;https://www.setlist.fm/setlist/paradise-lost/1997/paradiso-grote-zaal-amsterdam-netherlands-43d18fff.html;;1
2;1;2;1;;;2
3;1;3;1;;;3
4;2;4;0;https://www.setlist.fm/setlist/kid-rock/1999/melkweg-the-max-amsterdam-netherlands-4be1b772.html;;1
5;2;5;1;;;2
6;3;6;0;https://www.setlist.fm/setlist/morrissey/1999/poppodium-013-tilburg-netherlands-7bd7d644.html;/images/concerts/1999-10-22-morrissey-6.jpg;1
7;3;7;1;;;2
8;4;8;0;https://www.setlist.fm/setlist/therapy/1999/paradiso-grote-zaal-amsterdam-netherlands-3df29b3.html;;1
9;5;9;0;https://www.setlist.fm/setlist/suede/1999/muziekcentrum-vredenburg-utrecht-netherlands-13c7c5e5.html;;1
10;5;10;1;;;2
11;6;11;0;https://www.setlist.fm/setlist/korn/2000/ahoy-rotterdam-netherlands-73d1cae9.html;/images/concerts/2000-05-22-korn-11.jpg;1
12;6;12;1;;;2
13;7;13;0;https://www.setlist.fm/setlist/manic-street-preachers/1999/megaland-landgraaf-netherlands-1bd751cc.html;/images/concerts/1999-05-24-manic-street-preachers-13.jpg;1
14;8;14;0;https://www.setlist.fm/setlist/heather-nova/1999/megaland-landgraaf-netherlands-73d1c60d.html;/images/concerts/1999-05-24-heather-nova-14.jpg;1
15;9;15;0;https://www.setlist.fm/setlist/the-jon-spencer-blues-explosion/1999/megaland-landgraaf-netherlands-6bd1c60e.html;/images/concerts/1999-05-24-jon-spencer-blues-explosion-15.jpg;1
16;10;16;0;https://www.setlist.fm/setlist/monster-magnet/1999/paradiso-grote-zaal-amsterdam-netherlands-3e73517.html;;1
17;10;17;1;;;2
18;11;8;0;https://www.setlist.fm/setlist/therapy/2000/nighttown-rotterdam-netherlands-7bdaca68.html;;1
19;12;18;0;https://www.setlist.fm/setlist/muse/2001/poppodium-013-tilburg-netherlands-53d7a3b5.html;/images/concerts/2001-03-13-muse-19.jpg;1
20;12;19;1;;;2
21;13;20;0;https://www.setlist.fm/setlist/tool/2001/poppodium-013-tilburg-netherlands-23d6548b.html;/images/concerts/2001-05-24-tool-21.jpg;1
22;14;14;0;https://www.setlist.fm/setlist/heather-nova/2001/melkweg-the-max-amsterdam-netherlands-bda713a.html;/images/concerts/2001-08-16-heather-nova-22.jpg;1
23;15;21;0;https://www.setlist.fm/setlist/red-hot-chili-peppers/2001/jaarbeurs-utrecht-netherlands-3bd53000.html;/images/concerts/2001-08-23-red-hot-chili-peppers-23.jpg;1
24;15;22;1;;;2
25;16;14;0;https://www.setlist.fm/setlist/heather-nova/2001/heineken-music-hall-amsterdam-netherlands-43df775f.html;;1
26;16;23;1;;;2
27;17;8;0;https://www.setlist.fm/setlist/therapy/2001/melkweg-the-max-amsterdam-netherlands-1bc8c1dc.html;;1
28;17;24;1;;;2
29;17;25;1;;;3
30;18;8;0;https://www.setlist.fm/setlist/therapy/2001/nighttown-rotterdam-netherlands-63dacaf3.html;;1
31;18;26;1;;;2
32;18;25;1;;;3
33;19;27;0;https://www.setlist.fm/setlist/tori-amos/2001/heineken-music-hall-amsterdam-netherlands-13d461d1.html;/images/concerts/2001-11-28-tori-amos-33.jpg;1
34;19;28;1;;;2
35;20;29;0;https://www.setlist.fm/setlist/the-tea-party/2001/nighttown-rotterdam-netherlands-33dd4021.html;;1
36;20;30;1;;;2
37;21;10;0;;/images/concerts/2002-06-07-arid-37.jpg;1
38;21;31;1;;;2
39;22;14;0;;/images/concerts/2002-06-14-heather-nova-39.jpg;1
40;23;32;0;https://www.setlist.fm/setlist/16-horsepower/2002/paradiso-grote-zaal-amsterdam-netherlands-73e13ebd.html;/images/concerts/2002-08-24-sixteen-horsepower-40.jpg;1
41;23;33;1;;;2
42;24;34;0;http://www.setlist.fm/setlist/dream-theater/2002/ahoy-rotterdam-netherlands-1bd6cdec.html;;1
43;25;35;0;;/images/concerts/2003-06-22-anthrax-43.jpg;1
44;26;36;0;;/images/concerts/2003-06-26-eels-44.jpg;1
45;26;37;1;;;2
46;27;14;0;;/images/concerts/2003-09-12-heather-nova-46.jpg;1
47;27;38;1;;;2
48;28;14;0;;/images/concerts/2003-09-14-heather-nova-48.jpg;1
49;28;38;1;;;2
50;29;14;0;;/images/concerts/2003-09-15-heather-nova-50.jpg;1
51;29;38;1;;;2
52;30;14;0;;/images/concerts/2003-09-17-heather-nova-52.jpg;1
53;30;39;1;;;2
54;31;8;0;;;1
55;31;40;1;;;2
56;32;34;0;http://www.setlist.fm/setlist/dream-theater/2004/ahoy-rotterdam-netherlands-73d6d275.html;/images/concerts/2004-01-18-dream-theater-56.jpg;1
57;33;41;0;;;1
58;33;42;1;;;2
59;34;43;0;;;1
60;35;44;0;;/images/concerts/2004-06-11-pj-harvey-60.jpg;1
61;36;14;0;;;1
62;36;45;1;;;2
63;37;14;0;;/images/concerts/2004-07-06-heather-nova-63.jpg;1
64;37;45;1;;;2
65;38;46;0;;/images/concerts/2004-10-07-the-gathering-65.jpg;1
66;38;47;1;;;2
67;39;48;0;;;1
68;40;49;0;;/images/concerts/2004-11-22-interpol-68.jpg;1
69;40;50;1;;;2
70;41;51;0;;;1
71;41;52;1;;;2
72;42;14;0;;/images/concerts/2005-08-27-heather-nova-72.jpg;1
73;42;53;1;;;2
74;43;54;0;;/images/concerts/2005-10-26-tom-mcrae-74.jpg;1
75;43;55;1;;;2
76;44;56;0;;/images/concerts/2005-11-03-maximo-mark-76.jpg;1
77;44;57;1;;;2
78;45;58;0;;;1
79;46;43;0;;;1
80;47;6;0;https://www.setlist.fm/setlist/morrissey/2006/heineken-music-hall-amsterdam-netherlands-3d7d1ef.html;/images/concerts/2006-04-10-morrissey-80.jpg;1
81;47;59;1;;;2
82;48;60;0;;/images/concerts/2006-05-19-neko-case-82.jpg;1
83;48;61;1;;;2
84;49;20;0;https://www.setlist.fm/setlist/tool/2006/heineken-music-hall-amsterdam-netherlands-73d6c249.html;/images/concerts/2006-06-27-tool-84.jpg;1
85;50;6;0;https://www.setlist.fm/setlist/morrissey/2006/heineken-music-hall-amsterdam-netherlands-23d7d057.html;;1
86;50;62;1;;;2
87;51;1;0;http://www.setlist.fm/setlist/paradise-lost/2007/tivoli-oudegracht-utrecht-netherlands-bd6e1ae.html;/images/concerts/2007-10-07-paradise-lost-87.jpg;1
88;51;63;1;;;2
89;51;64;1;;;3
90;52;49;0;;/images/concerts/2007-11-20-interpol-90.jpg;1
91;52;65;1;;;2
92;53;66;0;;/images/concerts/2007-12-06-porcupine-tree-92.jpg;1
93;53;67;1;;;2
94;54;68;0;;/images/concerts/2008-03-18-the-cure-94.jpg;1
95;54;69;1;;;2
96;55;70;0;;/images/concerts/2008-10-30-blood-red-shoes-96.jpg;1
97;56;71;0;;/images/concerts/2008-11-07-slayer-97.jpg;1
98;56;72;1;;;2
99;56;73;1;;;3
100;56;74;1;;;4
101;57;75;0;;/images/concerts/2009-05-06-metric-101.jpg;1
102;58;8;0;;/images/concerts/2009-05-12-therapy-102.jpg;1
103;58;76;1;;;2
104;59;77;0;;/images/concerts/2009-05-14-pj-harvey-john-parish-104.jpg;1
105;60;78;0;https://www.setlist.fm/setlist/nine-inch-nails/2009/heineken-music-hall-amsterdam-netherlands-43d6673b.html;/images/concerts/2009-07-08-nine-inch-nails-105.jpg;1
106;60;79;1;;;2
107;61;80;0;;/images/concerts/2009-08-25-deftones-107.jpg;1
108;62;81;0;;/images/concerts/2009-09-22-anna-ternheim-108.jpg;1
109;63;6;0;http://www.setlist.fm/setlist/morrissey/2009/de-vereeniging-nijmegen-netherlands-33d73821.html;/images/concerts/2009-11-09-morrissey-109.jpg;1
110;63;82;1;;;2
111;64;83;0;http://www.setlist.fm/setlist/tegan-and-sara/2009/crossing-border-festival-the-hague-netherlands-73d48eed.html;/images/concerts/2009-11-20-tegan-and-sara-111.jpg;1
112;65;84;0;http://www.setlist.fm/setlist/placebo/2009/ahoy-rotterdam-netherlands-33d71c59.html;/images/concerts/2009-12-03-placebo-112.jpg;1
113;65;85;1;;;2
114;66;83;0;http://www.setlist.fm/setlist/tegan-and-sara/2010/paradiso-amsterdam-netherlands-bd0e14a.html;/images/concerts/2010-06-17-tegan-and-sara-114.jpg;1
115;66;86;1;;;2
116;67;87;0;http://www.setlist.fm/setlist/mark-knopfler/2010/heineken-music-hall-amsterdam-netherlands-33d404fd.html;/images/concerts/2010-06-29-mark-knopfler-116.jpg;1
117;68;14;0;;/images/concerts/2010-10-15-heather-nova-117.jpg;1
118;68;88;1;;;2
119;69;70;0;http://www.setlist.fm/setlist/blood-red-shoes/2010/tivoli-oudegracht-utrecht-netherlands-bd55526.html;/images/concerts/2010-11-10-blood-red-shoes-119.jpg;1
120;69;89;1;;;2
121;70;90;0;http://www.setlist.fm/setlist/the-decemberists/2011/paradiso-amsterdam-netherlands-73d27269.html;/images/concerts/2011-03-14-the-decemberists-121.jpg;1
122;70;91;1;;;2
123;71;1;0;http://www.setlist.fm/setlist/paradise-lost/2011/tivoli-oudegracht-utrecht-netherlands-43d2538b.html;/images/concerts/2011-03-29-paradise-lost-123.jpg;1
124;71;92;1;;;2
125;72;93;0;http://www.setlist.fm/setlist/katzenjammer/2011/tivoli-oudegracht-utrecht-netherlands-73d3929d.html;/images/concerts/2011-04-23-katzenjammer-125.jpg;1
126;72;94;1;;;2
127;73;95;0;http://www.setlist.fm/setlist/rush/2011/ahoy-rotterdam-netherlands-23d3c487.html;/images/concerts/2011-05-27-rush-127.jpg;1
128;74;96;0;http://www.setlist.fm/setlist/iron-maiden/2011/gelredome-arnhem-netherlands-2bd328a6.html;/images/concerts/2011-06-08-iron-maiden-128.jpg;1
129;74;97;1;;;2
130;75;6;0;http://www.setlist.fm/setlist/morrissey/2011/muziekgebouw-eindhoven-netherlands-5bd09324.html;/images/concerts/2011-08-05-morrissey-130.jpg;1
131;75;62;1;;;2
132;76;98;0;http://www.setlist.fm/setlist/arcade-fire/2011/heineken-music-hall-amsterdam-netherlands-bd0d5d2.html;/images/concerts/2011-08-29-arcade-fire-132.jpg;1
133;76;99;1;;;2
134;77;100;0;http://www.setlist.fm/setlist/roxette/2011/konig-pilsener-arena-oberhausen-germany-2bd0489e.html;/images/concerts/2011-10-19-roxette-134.jpg;1
135;77;101;1;;;2
136;78;102;0;http://www.setlist.fm/setlist/smashing-pumpkins/2011/heineken-music-hall-amsterdam-netherlands-7bd18e60.html;/images/concerts/2011-11-08-smashing-pumpkins-136.jpg;1
137;78;103;1;;;2
138;79;34;0;http://www.setlist.fm/setlist/dream-theater/2012/ijsselhallen-zwolle-netherlands-4bdebbea.html;/images/concerts/2012-02-01-dream-theater-138.jpg;1
139;79;104;1;;;2
140;80;8;0;http://www.setlist.fm/setlist/therapy/2012/tivoli-oudegracht-utrecht-netherlands-1bde1518.html;/images/concerts/2012-04-02-therapy-140.jpg;1
141;80;105;1;;;2
142;81;106;0;http://www.setlist.fm/setlist/ryan-adams/2012/koninklijk-theater-carre-amsterdam-netherlands-73dfb629.html;/images/concerts/2012-05-06-ryan-adams-142.jpg;1
143;82;6;0;http://www.setlist.fm/setlist/morrissey/2012/fort-canning-park-singapore-singapore-2bdfb00e.html;/images/concerts/2012-05-08-morrissey-143.jpg;1
144;83;107;0;http://www.setlist.fm/setlist/lisa-hannigan/2012/tivoli-oudegracht-utrecht-netherlands-bdfe16a.html;/images/concerts/2012-06-01-lisa-hannigan-144.jpg;1
145;83;108;1;;;2
146;84;109;0;http://www.setlist.fm/setlist/chris-isaak/2012/muziekcentrum-frits-philips-eindhoven-netherlands-63dd2693.html;/images/concerts/2012-10-11-chris-isaak-146.jpg;1
147;84;110;1;;;2
148;85;111;0;http://www.setlist.fm/setlist/beach-house/2012/paradiso-amsterdam-netherlands-33dae06d.html;/images/concerts/2012-11-19-beach-house-148.jpg;1
149;86;112;0;http://www.setlist.fm/setlist/bat-for-lashes/2012/paradiso-amsterdam-netherlands-1bda3dcc.html;/images/concerts/2012-11-27-bat-for-lashes-149.jpg;1
150;87;50;0;http://www.setlist.fm/setlist/bloc-party/2013/melkweg-amsterdam-netherlands-53db3bc5.html;/images/concerts/2013-02-15-bloc-party-150.jpg;1
151;87;113;1;;;2
152;88;114;0;http://www.setlist.fm/setlist/villagers/2013/tivoli-oudegracht-utrecht-netherlands-73db62a5.html;/images/concerts/2013-03-09-villagers-152.jpg;1
153;89;96;0;http://www.setlist.fm/setlist/iron-maiden/2013/ziggo-dome-amsterdam-netherlands-2bd9208e.html;/images/concerts/2013-06-25-iron-maiden-153.jpg;1
154;89;115;1;;;2
155;90;83;0;http://www.setlist.fm/setlist/tegan-and-sara/2013/paradiso-amsterdam-netherlands-63c4624b.html;;1
156;90;116;1;;;2
157;91;117;0;http://www.setlist.fm/setlist/system-of-a-down/2013/ziggo-dome-amsterdam-netherlands-2bc614de.html;/images/concerts/2013-08-21-system-of-a-down-157.jpg;1
158;91;118;1;;;2
159;92;80;0;http://www.setlist.fm/setlist/deftones/2013/poppodium-013-tilburg-netherlands-23c660db.html;/images/concerts/2013-09-03-deftones-159.jpg;1
160;92;119;1;;;2
161;93;120;0;http://www.setlist.fm/setlist/soundgarden/2013/heineken-music-hall-amsterdam-netherlands-2bc648f2.html;/images/concerts/2013-09-11-soundgarden-161.jpg;1
162;93;121;1;;;2
163;94;122;0;http://www.setlist.fm/setlist/polysics/2013/paradiso-amsterdam-netherlands-bc5b1a6.html;/images/concerts/2013-09-16-polysics-163.jpg;1
164;95;123;0;http://www.setlist.fm/setlist/goldfrapp/2013/paradiso-amsterdam-netherlands-3bc77424.html;/images/concerts/2013-10-21-goldfrapp-164.jpg;1
165;96;124;0;http://www.setlist.fm/setlist/editors/2013/ziggo-dome-amsterdam-netherlands-4bc76f6e.html;/images/concerts/2013-10-24-editors-165.jpg;1
166;96;125;1;;;2
167;97;9;0;http://www.setlist.fm/setlist/suede/2013/paradiso-amsterdam-netherlands-33c4d0a9.html;/images/concerts/2013-11-23-suede-167.jpg;1
168;98;126;0;http://www.setlist.fm/setlist/queens-of-the-stone-age/2013/ziggo-dome-amsterdam-netherlands-1bc43d14.html;/images/concerts/2013-11-26-queens-of-the-stoneage-168.jpg;1
169;98;127;1;;;2
170;99;128;0;http://www.setlist.fm/setlist/depeche-mode/2013/ziggo-dome-amsterdam-netherlands-5bc40fb8.html;/images/concerts/2013-12-07-depeche-mode-170.jpg;1
171;99;129;1;;;2
172;100;14;0;;/images/concerts/2014-02-01-heather-nova-172.jpg;1
173;101;34;0;https://www.setlist.fm/setlist/dream-theater/2014/heineken-music-hall-amsterdam-netherlands-1bc57178.html;/images/concerts/2014-02-18-dream-theater-173.jpg;1
174;102;14;0;;/images/concerts/2014-03-17-heather-nova-174.jpg;1
175;103;13;0;http://www.setlist.fm/setlist/manic-street-preachers/2014/paradiso-amsterdam-netherlands-33c0fcf5.html;/images/concerts/2014-05-26-manic-street-preachers-175.jpg;1
176;103;130;1;;;2
177;104;73;0;http://www.setlist.fm/setlist/mastodon/2014/melkweg-amsterdam-netherlands-63c1aa77.html;/images/concerts/2014-06-27-mastodon-177.jpg;1
179;106;132;0;;;1
181;108;134;0;;;1
182;109;6;0;https://www.setlist.fm/setlist/morrissey/2014/tivolivredenburg-grote-zaal-utrecht-netherlands-7bcc36bc.html;/images/concerts/2014-10-28-morrissey-182.jpg;1
183;110;135;0;;/images/concerts/2015-02-10-chris-chameleon-daniella-deysel-183.jpg;1
184;111;6;0;http://www.setlist.fm/setlist/morrissey/2015/de-oosterpoort-groningen-netherlands-3cbf5bf.html;/images/concerts/2015-03-09-morrissey-184.jpg;1
185;112;8;0;http://www.setlist.fm/setlist/therapy/2015/tivolivredenburg-utrecht-netherlands-4bcb5b36.html;/images/concerts/2015-04-03-therapy-185.jpg;1
186;112;136;1;;;2
187;113;137;0;https://www.setlist.fm/setlist/godspeed-you-black-emperor/2015/paradiso-grote-zaal-amsterdam-netherlands-43c83fbb.html;/images/concerts/2015-04-30-godspeed-you-black-emperor-187.jpg;1
188;113;138;1;;;2
189;114;139;0;;/images/concerts/2015-05-23-the-smiths-indeed-189.jpg;1
190;114;140;1;;;2
191;115;8;0;http://www.setlist.fm/setlist/therapy/2015/sint-willibrordusbasiliek-hulst-netherlands-43c9cfef.html;/images/concerts/2015-06-06-therapy-191.jpg;1
192;116;141;0;;/images/concerts/2015-06-06-kovacs-192.jpg;1
193;117;8;0;http://www.setlist.fm/setlist/therapy/2015/buitenvest-hulst-netherlands-23c9dc87.html;uploaded/20240901162654-2015-06-06-therapy-2.jpg;1
194;118;142;0;http://www.setlist.fm/setlist/anouk/2015/buitenvest-hulst-netherlands-bc9d15e.html;/images/concerts/2015-06-06-anouk-194.jpg;1
195;119;143;0;http://www.setlist.fm/setlist/primus/2015/tivolivredenburg-utrecht-netherlands-53c92bc9.html;/images/concerts/2015-06-16-primus-195.jpg;1
196;120;144;0;;/images/concerts/2015-06-22-angus-julia-stone-196.jpg;1
197;120;145;1;;;2
198;121;146;0;;/images/concerts/2015-06-27-royal-blood-198.jpg;1
199;122;147;0;;/images/concerts/2015-06-27-the-war-on-drugs-199.jpg;1
200;123;148;0;;/images/concerts/2015-06-27-lenny-kravitz-200.jpg;1
201;124;149;0;;/images/concerts/2015-06-27-the-prodigy-201.jpg;1
202;125;150;0;;/images/concerts/2015-08-01-death-angel-202.jpg;1
203;126;151;0;;/images/concerts/2015-08-01-novastar-203.jpg;1
204;127;152;0;http://www.setlist.fm/setlist/sufjan-stevens/2015/koninklijk-theater-carre-amsterdam-netherlands-2bf48002.html;/images/concerts/2015-09-23-sufjan-steven-204.jpg;1
205;127;153;1;;;2
206;128;67;0;http://www.setlist.fm/setlist/anathema/2015/tivolivredenburg-grote-zaal-utrecht-netherlands-23f52427.html;;1
207;128;155;1;;;2
208;129;50;0;;/images/concerts/2015-11-27-bloc-party-208.jpg;1
209;130;156;0;;/images/concerts/2016-01-15-new-madrid-209.jpg;1
210;130;157;1;;;2
211;131;9;0;;/images/concerts/2016-01-30-suede-211.jpg;1
212;132;158;0;https://www.setlist.fm/setlist/steven-wilson/2016/poppodium-013-tilburg-netherlands-3f3c99f.html;/images/concerts/2016-02-03-steven-wilson-212.jpg;1
213;133;18;0;;/images/concerts/2016-03-07-muse-213.jpg;1
214;133;159;1;;;2
215;134;160;0;;/images/concerts/2016-05-20-radiohead-215.jpg;1
216;134;161;1;;;2
217;135;162;0;;/images/concerts/2016-06-05-suicidal-tendencies-217.jpg;1
218;136;163;0;;/images/concerts/2016-06-05-megadeth-218.jpg;1
219;137;164;0;;/images/concerts/2016-06-05-disturbed-219.jpg;1
220;138;96;0;https://www.setlist.fm/setlist/iron-maiden/2016/gelredome-arnhem-netherlands-1bfe2d7c.html;/images/concerts/2016-06-08-iron-maiden-220.jpg;1
221;138;165;1;;;2
225;142;168;0;;/images/concerts/2016-08-06-textures-225.jpg;1
226;143;169;0;;/images/concerts/2016-08-13-flotsam-and-jetsam-226.jpg;1
227;144;44;0;https://www.setlist.fm/setlist/pj-harvey/2016/heineken-music-hall-amsterdam-netherlands-bfd5d72.html;/images/concerts/2016-10-16-pj-harvey-227.jpg;1
228;145;84;0;http://www.setlist.fm/setlist/placebo/2016/ziggo-dome-amsterdam-netherlands-63fa5ef7.html;/images/concerts/2016-11-21-placebo-228.jpg;1
229;145;113;1;;;2
230;146;170;0;;/images/concerts/2017-02-18-leoni-jansen-chris-chameleon-230.jpg;1
231;147;35;0;https://www.setlist.fm/setlist/anthrax/2017/tivolivredenburg-ronda-utrecht-netherlands-1bf8496c.html;/images/concerts/2017-02-19-anthrax-231.jpg;1
232;147;165;1;;;2
233;148;169;0;https://www.setlist.fm/setlist/flotsam-and-jetsam/2017/baroeg-rotterdam-netherlands-73e6b22d.html;/images/concerts/2017-04-02-flotsam-and-jetsam-233.jpg;1
234;148;171;1;;;2
235;149;8;0;https://www.setlist.fm/setlist/therapy/2017/rotown-rotterdam-netherlands-3be6f4cc.html;/images/concerts/2017-04-11-therapy-235.jpg;1
236;150;80;0;https://www.setlist.fm/setlist/deftones/2017/poppodium-013-tilburg-netherlands-3e61d7b.html;/images/concerts/2017-04-24-deftones-236.jpg;1
237;150;172;1;;;2
238;151;142;0;https://www.setlist.fm/setlist/anouk/2017/ziggo-dome-amsterdam-netherlands-4be73bde.html;/images/concerts/2017-05-27-anouk-238.jpg;1
239;151;173;1;;;2
240;152;73;0;https://www.setlist.fm/setlist/mastodon/2017/tivolivredenburg-ronda-utrecht-netherlands-4be4d7d6.html;/images/concerts/2017-06-27-mastodon-240.jpg;1
241;152;174;1;;;2
242;153;175;0;https://www.setlist.fm/setlist/john-fogerty/2017/ziggo-dome-amsterdam-netherlands-13e4d551.html;/images/concerts/2017-06-28-john-fogerty-242.jpg;1
243;154;8;0;https://www.setlist.fm/setlist/therapy/2017/festivalterrein-weert-netherlands-2be4002e.html;/images/concerts/2017-07-09-therapy-243.jpg;1
244;155;176;0;https://www.setlist.fm/setlist/dropkick-murphys/2017/festivalterrein-weert-netherlands-33e40029.html;/images/concerts/2017-07-09-dropkick-murphys-244.jpg;1
245;156;177;0;https://www.setlist.fm/setlist/guns-n-roses/2017/goffertpark-nijmegen-netherlands-53e46fd1.html;/images/concerts/2017-07-12-guns-n-roses-245.jpg;1
246;157;178;0;https://www.setlist.fm/setlist/fates-warning/2017/gebr-de-nobel-leiden-netherlands-53e53741.html;/images/concerts/2017-08-03-fates-warning-246.jpg;1
247;157;179;1;;;2
248;158;106;0;https://www.setlist.fm/setlist/ryan-adams/2017/tivolivredenburg-grote-zaal-utrecht-netherlands-4be55b96.html;/images/concerts/2017-08-16-ryan-adams-248.jpg;1
249;158;180;1;;;2
250;159;49;0;https://www.setlist.fm/setlist/interpol/2017/de-oosterpoort-groningen-netherlands-23e2882f.html;/images/concerts/2017-08-30-interpol-250.jpg;1
251;159;181;1;;;2
252;160;14;0;;/images/concerts/2017-10-27-heather-nova-252.jpg;1
253;160;182;1;;;2
254;161;14;0;;/images/concerts/2017-10-29-heather-nova-254.jpg;1
255;161;182;1;;;2
256;162;147;0;;/images/concerts/2017-11-02-the-war-on-drugs-256.jpg;1
257;162;183;1;;;2
258;163;14;0;;/images/concerts/2017-11-04-heather-nova-258.jpg;1
259;163;182;1;;;2
260;164;184;0;;/images/concerts/2018-02-09-boo-260.jpg;1
261;164;185;1;;;2
262;165;186;0;;/images/concerts/2018-02-10-chris-chameleon-262.jpg;1
263;166;158;0;https://www.setlist.fm/setlist/steven-wilson/2018/afas-live-amsterdam-netherlands-33ef945d.html;/images/concerts/2018-03-07-steven-wilson-263.jpg;1
264;167;36;0;;/images/concerts/2018-06-18-eels-264.jpg;1
265;167;187;1;;;2
266;168;96;0;https://www.setlist.fm/setlist/iron-maiden/2018/neue-messe-freiburg-germany-2bea0c7a.html;/images/concerts/2018-07-01-iron-maiden-266.jpg;1
267;168;188;1;;;2
268;169;189;0;https://www.setlist.fm/setlist/bad-religion/2018/tivolivredenburg-ronda-utrecht-netherlands-3eb559b.html;/images/concerts/2018-08-06-bad-religion-268.jpg;1
269;169;190;1;;;2
270;170;9;0;https://www.setlist.fm/setlist/suede/2018/paradiso-grote-zaal-amsterdam-netherlands-13e915d5.html;/images/concerts/2018-10-01-suede-270.jpg;1
271;170;191;1;;;2
272;171;8;0;https://www.setlist.fm/setlist/therapy/2018/tivolivredenburg-pandora-utrecht-netherlands-23969c6b.html;/images/concerts/2018-10-14-therapy-272.jpg;1
273;171;192;1;;;2
274;172;184;0;;/images/concerts/2018-11-23-boo-274.jpg;1
275;172;193;1;;;2
276;173;49;0;https://www.setlist.fm/setlist/interpol/2018/tivolivredenburg-ronda-utrecht-netherlands-4b972b4a.html;/images/concerts/2018-11-27-interpol-276.jpg;1
277;173;194;1;;;2
278;174;195;0;https://www.setlist.fm/setlist/a-perfect-circle/2018/afas-live-amsterdam-netherlands-439743af.html;/images/concerts/2018-12-09-a-perfect-circle-278.jpg;1
279;174;196;1;;;2
280;175;197;0;https://www.setlist.fm/setlist/soen/2019/q-factory-amsterdam-netherlands-23924ca7.html;/images/concerts/2019-03-23-soen-280.jpg;1
281;175;198;1;;;2
282;175;199;1;;;3
283;176;164;0;https://www.setlist.fm/setlist/disturbed/2019/afas-live-amsterdam-netherlands-3390f8f9.html;/images/concerts/2019-05-07-disturbed-283.jpg;1
284;176;200;1;;;2
285;177;201;0;https://www.setlist.fm/setlist/alice-in-chains/2019/poppodium-013-tilburg-netherlands-13906995.html;/images/concerts/2019-05-27-alice-in-chains-285.jpg;1
286;177;202;1;;;2
287;178;203;0;https://www.setlist.fm/setlist/the-smashing-pumpkins/2019/afas-live-amsterdam-netherlands-7391f6b5.html;/images/concerts/2019-06-11-the-smashins-pumpkins-287.jpg;1
288;178;204;1;;;2
289;179;20;0;https://www.setlist.fm/setlist/tool/2019/ziggo-dome-amsterdam-netherlands-b91c58e.html;/images/concerts/2019-06-18-tool-289.jpg;1
290;179;205;1;;;2
291;180;206;0;https://www.setlist.fm/setlist/rammstein/2019/feijenoord-stadion-rotterdam-netherlands-39111d7.html;/images/concerts/2019-06-25-rammstein-291.jpg;1
292;180;207;1;;;2
293;181;208;0;https://www.setlist.fm/setlist/within-temptation/2019/paleis-soestdijk-soest-netherlands-239e906b.html;/images/concerts/2019-07-11-within-temptation-293.jpg;1
294;181;209;1;https://www.setlist.fm/setlist/anneke-van-giersbergen/2019/paleis-soestdijk-soest-netherlands-2b9e906a.html;;2
295;182;67;0;https://www.setlist.fm/setlist/anathema/2019/de-boerderij-zoetermeer-netherlands-439e1b43.html;/images/concerts/2019-07-22-anathema-295.jpg;1
296;182;210;1;;;2
301;187;14;0;https://www.setlist.fm/setlist/heather-nova/2019/tivolivredenburg-grote-zaal-utrecht-netherlands-239de013.html;/images/concerts/2019-10-23-heather-nova-301.jpg;1
302;187;215;1;;;2
303;188;216;0;https://www.setlist.fm/setlist/fontaines-dc/2019/paradiso-grote-zaal-amsterdam-netherlands-7b9d6a5c.html;/images/concerts/2019-11-06-fontaines-dc-303.jpg;1
304;188;217;1;;;2
305;189;70;0;https://www.setlist.fm/setlist/blood-red-shoes/2019/paard-van-troje-the-hague-netherlands-3b9d5c48.html;/images/concerts/2019-11-08-blood-red-shoes-305.jpg;1
306;189;218;1;;;2
307;190;34;0;https://www.setlist.fm/setlist/dream-theater/2020/afas-live-amsterdam-netherlands-6b9b16ea.html;/images/concerts/2020-01-11-dream-theater-307.jpg;1
308;191;216;0;https://www.setlist.fm/setlist/fontaines-dc/2022/tivolivredenburg-ronda-utrecht-netherlands-1bb699a4.html;/images/concerts/2022-04-02-fontaines-dc-308.jpg;1
309;191;219;1;;;2
310;192;147;0;https://www.setlist.fm/setlist/the-war-on-drugs/2022/ziggo-dome-amsterdam-netherlands-bb61546.html;/images/concerts/2022-04-22-the-war-on-drugs-310.jpg;1
311;192;220;1;;;2
312;193;34;0;https://www.setlist.fm/setlist/dream-theater/2022/afas-live-amsterdam-netherlands-43b7d3cb.html;/images/concerts/2022-05-13-dream-theater-312.jpg;1
313;194;9;0;https://www.setlist.fm/setlist/suede/2022/tivolivredenburg-ronda-utrecht-netherlands-bb72952.html;/images/concerts/2022-05-16-suede-313.jpg;1
314;197;223;0;;/images/concerts/2022-07-03-pom-314.jpg;1
315;198;224;0;;/images/concerts/2022-07-03-wies-315.jpg;1
316;200;197;0;https://www.setlist.fm/setlist/soen/2022/de-boerderij-zoetermeer-netherlands-bb1e1a2.html;/images/concerts/2022-10-01-soen-316.jpg;1
317;200;226;1;;;2
318;200;227;1;;;3
319;201;66;0;https://www.setlist.fm/setlist/porcupine-tree/2022/ziggo-dome-amsterdam-netherlands-53be1f11.html;/images/concerts/2022-11-07-porcupine-tree-319.jpg;1
320;202;68;0;https://www.setlist.fm/setlist/the-cure/2022/ziggo-dome-amsterdam-netherlands-73bfda59.html;/images/concerts/2022-11-25-the-cure-320.jpg;1
321;202;228;1;;;2
322;203;75;0;https://www.setlist.fm/setlist/metric/2023/tivolivredenburg-ronda-utrecht-netherlands-2bbd68de.html;/images/concerts/2023-02-06-metric-322.jpg;1
323;203;220;1;https://www.setlist.fm/setlist/lo-moon/2023/tivolivredenburg-ronda-utrecht-netherlands-bbd6946.html;;2
324;204;229;0;https://www.setlist.fm/setlist/the-murder-capital/2023/paradiso-grote-zaal-amsterdam-netherlands-33babcd1.html;/images/concerts/2023-02-15-the-murder-capital-324.jpg;1
325;204;230;1;;;2
326;205;231;0;https://www.setlist.fm/setlist/aesthetic-perfection/2023/paardcafe-the-hague-netherlands-73b822e5.html;/images/concerts/2023-04-26-aesthetic-perfection-326.jpg;1
327;205;232;1;;;2
328;206;233;0;https://www.setlist.fm/setlist/gojira/2023/afas-live-amsterdam-netherlands-43a69f37.html;/images/concerts/2023-06-06-gojira-328.jpg;1
329;206;234;1;;;2
330;206;235;1;;;3
331;207;96;0;https://www.setlist.fm/setlist/iron-maiden/2023/ziggo-dome-amsterdam-netherlands-1ba72500.html;/images/concerts/2023-07-11-iron-maiden-331.jpg;1
332;207;165;1;;;2
333;208;220;0;https://www.setlist.fm/setlist/lo-moon/2023/bitterzoet-amsterdam-netherlands-73a1b2d1.html;/images/concerts/2023-11-05-lo-moon-333.jpg;1
334;209;224;0;https://www.setlist.fm/setlist/wies/2023/tivolivredenburg-pandora-utrecht-netherlands-3aef913.html;/images/concerts/2023-12-02-wies-334.jpg;1
335;210;8;0;https://www.setlist.fm/setlist/therapy/2022/tivolivredenburg-ronda-utrecht-netherlands-7bb4fe3c.html;/images/concerts/2022-06-03-therapy-335.jpg;1
336;211;128;0;https://www.setlist.fm/setlist/depeche-mode/2024/ziggo-dome-amsterdam-netherlands-bac6516.html;/images/concerts/2024-02-08-depeche-mode-336.jpg;1
337;211;236;1;;;2
338;212;237;0;https://www.setlist.fm/setlist/the-clockworks/2024/rotown-rotterdam-netherlands-3abadd3.html;/images/concerts/2024-04-12-the-clockworks-338.jpg;1
339;212;238;1;;;2
340;213;239;0;;/images/concerts/2024-06-01-whispering-songs-340.jpg;1
341;214;240;0;;/images/concerts/2024-06-01-dool-341.jpg;1
342;215;237;0;https://www.setlist.fm/setlist/the-clockworks/2024/festivalterrein-luttenbergerweg-hellendoorn-netherlands-3b56ece8.html;/images/concerts/2024-06-01-the-clockworks-342.jpg;1
343;216;102;0;https://www.setlist.fm/setlist/the-smashing-pumpkins/2024/ahoy-rotterdam-netherlands-5baba31c.html;/images/concerts/2024-06-29-smashing-pumpkins-343.jpg;1
344;216;49;1;;;2
345;217;240;0;;;2
347;217;239;0;;;3
348;218;225;0;;uploaded/20240829193503-2022-07-03-de-kik-348.jpg;1
349;218;223;0;;;2
350;218;224;0;;;3
351;218;221;0;;;5
352;218;222;0;;;4
353;219;147;0;https://www.setlist.fm/setlist/the-war-on-drugs/2024/de-oosterpoort-groningen-netherlands-3a8cdaf.html;/images/concerts/2024-07-15-the-war-on-drugs-353.jpg;1
354;220;49;0;https://www.setlist.fm/setlist/interpol/2024/ahoy-rotterdam-netherlands-7b567670.html;/images/concerts/2024-06-29-interpol-354.jpg;1
355;220;102;1;;;2
356;221;241;0;https://www.setlist.fm/setlist/opeth/2024/poppodium-013-tilburg-netherlands-7354ae75.html;/images/concerts/2024-08-07-opeth-356.jpg;1
357;221;242;1;;;2
358;217;237;0;;;6
359;222;13;0;;;2
360;222;14;0;;;1
361;222;243;0;;;3
362;222;15;0;;;4
363;222;246;0;;;7
364;222;245;0;;;8
365;223;8;0;;;2
366;223;8;0;;;5
367;223;141;0;;;3
368;223;142;0;;;1
369;223;247;0;;;9
370;224;211;0;;uploaded/20240829193931-2019-08-03-luminize-297.jpg;4
371;224;213;0;;uploaded/20240829193931-2019-08-03-nona-299.jpg;2
372;224;212;0;;uploaded/20240829193931-2019-08-03-x-raiders-298.jpg;3
373;224;214;0;;uploaded/20240829193931-2019-08-03-tim-akkerman-300.jpg;1
374;225;8;0;;;1
375;225;176;0;;;2
376;226;166;0;;"uploaded/20240829214510-2016-08-06-seed-of-ayawaska-222 copy.jpg";5
377;226;168;0;;uploaded/20240829214510-2016-08-06-textures-225.jpg;1
378;226;167;0;;uploaded/20240829214510-2016-08-06-the-brahms-223.jpg;4
379;226;145;0;;uploaded/20240829214510-2016-08-06-sue-the-night-224.jpg;2
380;226;248;0;;;3
381;227;149;0;;;1
382;227;148;0;;;2
383;227;147;0;;;3
384;227;146;0;;;4
385;228;132;0;;;1
386;228;131;0;;;4
387;228;133;0;;;3
388;228;134;0;;;2
389;229;151;0;;uploaded/20240901164146-2015-08-01-novastar-2.jpg;1
390;229;150;0;;uploaded/20240901164147-2015-08-01-death-angel-1.jpg;2
391;229;249;0;;;3
392;229;250;0;;;4
393;230;251;0;https://www.setlist.fm/setlist/elbow/2024/koninklijk-theater-carre-amsterdam-netherlands-5ba8c314.html;uploaded/20240911094405-IMG_1510.jpeg;1
394;230;252;1;;uploaded/20241103123354-IMG_7392.jpeg;2
395;231;253;0;https://www.setlist.fm/setlist/fat-dog/2024/doornroosje-nijmegen-netherlands-1b508508.html;uploaded/20241009185752-IMG_2648.jpeg;1
396;231;254;1;;;2
397;232;137;0;https://www.setlist.fm/setlist/godspeed-you-black-emperor/2024/paradiso-grote-zaal-amsterdam-netherlands-33a8203d.html;uploaded/20241031081955-IMG_2782.jpeg;1
398;232;255;1;;;2
399;233;49;0;https://www.setlist.fm/setlist/interpol/2024/paradiso-grote-zaal-amsterdam-netherlands-3a9a1cb.html;uploaded/20241031081918-IMG_2893.jpeg;1
400;233;256;1;;uploaded/20241102184613-IMG_2863.jpeg;2
401;234;216;0;https://www.setlist.fm/setlist/fontaines-dc/2024/afas-live-amsterdam-netherlands-63a8567b.html;uploaded/20241117153525-IMG_3067.jpeg;1
402;234;257;1;https://www.setlist.fm/setlist/wunderhorse/2024/afas-live-amsterdam-netherlands-7ba85678.html;uploaded/20241117153525-IMG_3040.jpeg;2
403;235;8;0;https://www.setlist.fm/setlist/therapy/2024/tivolivredenburg-ronda-utrecht-netherlands-23abb03b.html;uploaded/20241126152024-IMG_3122.jpeg;1
404;235;258;1;;uploaded/20241126152024-IMG_3112.jpeg;2
405;236;240;0;https://www.setlist.fm/setlist/dool/2024/tivolivredenburg-pandora-utrecht-netherlands-5351a75d.html;uploaded/20241220225346-IMG_3317.jpeg;1
406;236;259;1;;uploaded/20241220225238-IMG_3295.jpeg;2
407;237;261;0;https://www.setlist.fm/setlist/michael-kiwanuka/2025/amare-concertzaal-the-hague-netherlands-335a0ce5.html;uploaded/20250225085134-IMG_3826.jpeg;1
408;237;260;1;;;2
409;238;14;0;https://www.setlist.fm/setlist/heather-nova/2025/de-doelen-kleine-zaal-rotterdam-netherlands-b584162.html;uploaded/20250330232615-IMG_4089.jpeg;1
410;238;262;1;;;2
411;239;253;0;https://www.setlist.fm/setlist/fat-dog/2025/annabel-rotterdam-netherlands-635222b3.html;uploaded/20250416224501-IMG_4191.jpeg;1
412;239;254;1;;uploaded/20250416224501-IMG_4180.jpeg;2
413;240;264;0;https://www.setlist.fm/setlist/blood-incantation/2025/tivolivredenburg-pandora-utrecht-netherlands-2b51a482.html;uploaded/20250514195655-IMG_4399.jpeg;1
414;240;263;1;;uploaded/20250703074842-IMG_4381.jpeg;2
415;241;229;0;https://www.setlist.fm/setlist/the-murder-capital/2025/melkweg-the-max-amsterdam-netherlands-6b5e226a.html;uploaded/20250515230245-IMG_4655.jpeg;1
416;241;265;1;;uploaded/20250703074742-IMG_4639.jpeg;2
417;242;6;0;https://www.setlist.fm/setlist/morrissey/2025/afas-live-amsterdam-netherlands-3b5b9c10.html;uploaded/20250620092146-IMG_5292.jpeg;1
418;243;78;0;https://www.setlist.fm/setlist/nine-inch-nails/2025/ziggo-dome-amsterdam-netherlands-b5d016e.html;uploaded/20250701220747-IMG_5344.jpeg;1
419;243;266;1;;uploaded/20250701221009-IMG_5333.jpeg;2
420;244;267;0;https://www.setlist.fm/setlist/helmet/2025/tivolivredenburg-pandora-utrecht-netherlands-734676a9.html;uploaded/20250805073904-IMG_5773.jpeg;1
421;245;268;0;https://www.setlist.fm/setlist/johnny-marr/2025/tivolivredenburg-grote-zaal-utrecht-netherlands-6b454ee2.html;uploaded/20251026124657-IMG_7246.jpeg;1
422;245;237;1;https://www.setlist.fm/setlist/the-clockworks/2025/tivolivredenburg-grote-zaal-utrecht-netherlands-134e75e1.html;uploaded/20251125125858-IMG_0040.jpeg;2
425;246;269;1;;uploaded/20251125171507-IMG_7434.jpeg;2
426;246;271;0;https://www.setlist.fm/setlist/life-of-agony/2025/tivolivredenburg-ronda-utrecht-netherlands-33465c09.html;uploaded/20251125171438-IMG_7446.jpeg;1
427;246;270;1;;;3
